<?xml version="1.0" encoding="UTF-8"?>
<project xmlns="http://maven.apache.org/POM/4.0.0" xmlns:xsi="http://www.w3.org/2001/XMLSchema-instance" xsi:schemaLocation="http://maven.apache.org/POM/4.0.0 http://maven.apache.org/maven-v4_0_0.xsd">
  <modelVersion>4.0.0</modelVersion>
  <groupId>org.quantcast.cookies</groupId>
  <artifactId>QuantCast_Assignment</artifactId>
  <version>2.3-SNAPSHOT</version>
  <build>
    <plugins>
      <plugin>
        <artifactId>maven-shade-plugin</artifactId>
        <version>3.2.4</version>
        <executions>
          <execution>
            <phase>package</phase>
            <goals>
              <goal>shade</goal>
            </goals>
            <configuration>
              <transformers>
                <transformer>
                  <mainClass>com.quantcast.MainApplication</mainClass>
                </transformer>
              </transformers>
            </configuration>
          </execution>
        </executions>
      </plugin>
      <plugin>
        <artifactId>maven-jar-plugin</artifactId>
        <version>3.1.0</version>
        <configuration>
          <archive>
            <manifest>
              <addClasspath>true</addClasspath>
              <classpathPrefix>lib/</classpathPrefix>
              <mainClass>com.quantcast.MainApplication</mainClass>
            </manifest>
          </archive>
        </configuration>
      </plugin>
      <plugin>
        <artifactId>maven-compiler-plugin</artifactId>
        <version>3.8.0</version>
        <configuration>
          <compilerArgs>
            <arg>-Xlint</arg>
          </compilerArgs>
        </configuration>
      </plugin>
      <plugin>
        <groupId>org.jacoco</groupId>
        <artifactId>jacoco-maven-plugin</artifactId>
        <version>${jacoco.plugin.version}</version>
        <executions>
          <execution>
            <id>jacoco-prepare-agent</id>
            <goals>
              <goal>prepare-agent</goal>
            </goals>
          </execution>
          <execution>
            <id>jacoco-prepare-agent-integration</id>
            <goals>
              <goal>prepare-agent-integration</goal>
            </goals>
          </execution>
          <execution>
            <id>jacoco-report</id>
            <goals>
              <goal>report</goal>
            </goals>
          </execution>
          <execution>
            <id>jacoco-check</id>
            <goals>
              <goal>check</goal>
            </goals>
            <configuration>
              <rules />
            </configuration>
          </execution>
          <execution>
            <id>jacoco-merge</id>
            <phase>verify</phase>
            <goals>
              <goal>merge</goal>
            </goals>
            <configuration>
              <fileSets>
                <fileSet>
                  <directory>${project.build.directory}</directory>
                  <includes>
                    <include>*.exec</include>
                  </includes>
                </fileSet>
              </fileSets>
              <destFile>${project.build.directory}/jacoco-both.exec</destFile>
            </configuration>
          </execution>
          <execution>
            <id>jacoco-integration</id>
            <goals>
              <goal>report-integration</goal>
            </goals>
          </execution>
          <execution>
            <id>jacoco-reportboth</id>
            <goals>
              <goal>report</goal>
            </goals>
            <configuration>
              <dataFile>${project.build.directory}/jacoco-both.exec</dataFile>
              <outputDirectory>${project.reporting.outputDirectory}/jacoco-both</outputDirectory>
            </configuration>
          </execution>
        </executions>
      </plugin>
    </plugins>
  </build>
  <dependencies>
    <dependency>
      <groupId>org.assertj</groupId>
      <artifactId>assertj-core</artifactId>
      <version>3.11.1</version>
      <scope>test</scope>
    </dependency>
    <dependency>
      <groupId>org.junit.jupiter</groupId>
      <artifactId>junit-jupiter-api</artifactId>
      <version>5.2.0</version>
      <scope>test</scope>
      <exclusions>
        <exclusion>
          <artifactId>apiguardian-api</artifactId>
          <groupId>org.apiguardian</groupId>
        </exclusion>
        <exclusion>
          <artifactId>opentest4j</artifactId>
          <groupId>org.opentest4j</groupId>
        </exclusion>
        <exclusion>
          <artifactId>junit-platform-commons</artifactId>
          <groupId>org.junit.platform</groupId>
        </exclusion>
      </exclusions>
    </dependency>
    <dependency>
      <groupId>org.junit.jupiter</groupId>
      <artifactId>junit-jupiter-params</artifactId>
      <version>5.2.0</version>
      <scope>test</scope>
      <exclusions>
        <exclusion>
          <artifactId>apiguardian-api</artifactId>
          <groupId>org.apiguardian</groupId>
        </exclusion>
      </exclusions>
    </dependency>
    <dependency>
      <groupId>org.mockito</groupId>
      <artifactId>mockito-all</artifactId>
      <version>1.10.19</version>
      <scope>test</scope>
    </dependency>
    <dependency>
      <groupId>org.junit.jupiter</groupId>
      <artifactId>junit-jupiter-engine</artifactId>
      <version>5.2.0</version>
      <scope>test</scope>
      <exclusions>
        <exclusion>
          <artifactId>junit-platform-engine</artifactId>
          <groupId>org.junit.platform</groupId>
        </exclusion>
        <exclusion>
          <artifactId>apiguardian-api</artifactId>
          <groupId>org.apiguardian</groupId>
        </exclusion>
      </exclusions>
    </dependency>
  </dependencies>
  <properties>
    <junit.jupiter.version>5.2.0</junit.jupiter.version>
    <hamcrest.version>1.3</hamcrest.version>
    <maven.compiler.target>${maven.compiler.source}</maven.compiler.target>
    <project.reporting.outputEncoding>UTF-8</project.reporting.outputEncoding>
    <project.build.sourceEncoding>UTF-8</project.build.sourceEncoding>
    <jacoco.plugin.version>0.8.1</jacoco.plugin.version>
    <mockito.version>2.21.0</mockito.version>
    <maven.compiler.source>1.8</maven.compiler.source>
    <junit.platform.version>1.2.0</junit.platform.version>
  </properties>
</project>
